{
  "type": "minecraft:block",
  "pools": [
    {
      "rolls": 1,
      "bonus_rolls": 0,
      "entries": [
        {
          "type": "minecraft:item",
          "name": "minecraft:sculk_sensor"
        }
      ],
      "conditions": [
        {
          "condition": "minecraft:any_of",
          "terms": [
            {
              "condition": "minecraft:entity_scores",
              "entity": "this",
              "scores": {
                "wborigins.power.looting.sculk_silk": 1
              }
            },
            {
              "condition": "minecraft:match_tool",
              "predicate": {
                "enchantments": [
                  {
                    "enchantment": "minecraft:silk_touch"
                  }
                ]
              }
            }
          ]
        }
      ]
    }
  ],
  "random_sequence": "minecraft:blocks/sculk_sensor"
}
