{
	"display": {
		"icon": {
			"item": "dragon_egg"
			},
		"title": {
			"text": "Dragon"
			},
		"description": {
			"text": "Two-ton flying death lizard. Better fortune on raw gold, better armor, fire resistance."
			},
		"show_toast":true,
		"announce_to_chat":false,
		"frame": "task",
		"hidden":false
		},
	"parent":"wborigins:origin/vanilla",
	"criteria": {
		"requirement": {
			"trigger": "minecraft:impossible"
		}
	},
	"rewards": {
		"function": "wborigins:origin/dragon"
	}
}
