{
	"display": {
		"icon": {
			"item": "potion"
			},
		"title": {
			"text": "Vampire"
			},
		"description": {
			"text": "You vant to suck their blood. Burns in the sun, but can see in the night, and undead mobs are passive to them."
			},
		"show_toast":true,
		"announce_to_chat":false,
		"frame": "task",
		"hidden":false
		},
	"parent":"wborigins:origin/classical",
	"criteria": {
		"requirement": {
			"trigger": "minecraft:impossible"
		}
	},
	"rewards": {
		"function": "wborigins.origin:vampire"
	}
}