{
  "parent": "wborigins:power/root",
  "criteria": {
    "requirement": {
      "trigger": "minecraft:using_item",
      "conditions": {
        "player": [
          {
            "condition": "minecraft:entity_scores",
            "entity": "this",
            "scores": {
              "wborigins.power.eat_meat": 1
            }
          }
        ],
        "item": {
          "tag": "wborigins:meats"
        }
      }
    }
  },
  "rewards": {
    "function": "wborigins:power/eat_meat"
  }
}
