{
  "parent": "wborigins:power/root",
  "criteria": {
    "requirement": {
      "trigger": "minecraft:tick",
      "conditions": {
        "player": [
          {
            "condition": "minecraft:all_of",
            "terms": [
              {
                "condition": "minecraft:entity_scores",
                "entity": "this",
                "scores": {
                  "wborigins.power.explodable": 1
                }
              },
              {
                "condition": "minecraft:entity_properties",
                "entity": "this",
                "predicate": {
                  "flags": {
                    "is_on_fire": true
                  }
                }
              }
            ]
          }
        ]
      }
    }
  },
  "rewards": {
    "function": "wborigins:power/explode"
  }
}
