{
  "parent": "wborigins:power/root",
  "criteria": {
    "requirement": {
      "trigger": "minecraft:entity_hurt_player",
      "conditions": {
        "player": [
          {
            "condition": "minecraft:entity_scores",
            "entity": "this",
            "scores": {
              "wborigins.power.iron_hurts": 1
            }
          }
        ],
        "damage": {
          "blocked": false,
          "source_entity": {
            "equipment": {
              "mainhand": {
                "items": [
                  "minecraft:iron_sword",
                  "minecraft:iron_axe",
                  "minecraft:iron_shovel",
                  "minecraft:iron_pickaxe",
                  "minecraft:iron_hoe",
                  "minecraft:iron_ingot"
                ]
              }
            }
          }
        }
      }
    }
  },
  "rewards": {
    "function": "wborigins:power/iron_hurts"
  }
}
