{
  "parent": "wborigins:power/root",
  "criteria": {
    "requirement": {
      "trigger": "minecraft:tick",
      "conditions": {
        "player": [
          {
            "condition": "minecraft:entity_properties",
            "entity": "this",
            "predicate": {
              "flags": {
                "is_sneaking": true
              },
              "equipment": {
                "offhand": {
                  "items": [
                    "minecraft:bucket"
                  ],
                  "count": 1
                }
              }
            }
          }
        ]
      }
    }
  },
  "rewards": {
    "function": "wborigins:power/milked"
  }
}