{
  "parent": "wborigins:power/root",
  "criteria": {
    "requirement": {
      "trigger": "minecraft:tick",
      "conditions": {
        "player": [
          {
            "condition": "minecraft:entity_properties",
            "entity": "this",
            "predicate": {
              "flags": {
                "is_sneaking": true
              },
              "equipment": {
                "offhand": {
                  "items": [
                    "minecraft:black_shulker_box",
                    "minecraft:blue_shulker_box",
                    "minecraft:cyan_shulker_box",
                    "minecraft:brown_shulker_box",
                    "minecraft:gray_shulker_box",
                    "minecraft:green_shulker_box",
                    "minecraft:light_blue_shulker_box",
                    "minecraft:light_gray_shulker_box",
                    "minecraft:lime_shulker_box",
                    "minecraft:magenta_shulker_box",
                    "minecraft:orange_shulker_box",
                    "minecraft:pink_shulker_box",
                    "minecraft:purple_shulker_box",
                    "minecraft:red_shulker_box",
                    "minecraft:shulker_box",
                    "minecraft:white_shulker_box",
                    "minecraft:yellow_shulker_box"
                  ]
                }
              }
            }
          }
        ]
      }
    }
  },
  "rewards": {
    "function": "wborigins:power/shulked"
  }
}
