{
  "type": "minecraft:entity",
  "pools": [
    {
      "rolls": 1,
      "entries": [
        {
          "type": "item",
  	  	  "name": "minecraft:player_head",
          "functions": [
            {
              "function": "set_lore",
              "replace": true,
              "lore": [
                [
                  {"text":"§rKilled by §r§e"},
                  {"selector":"@s"}
                ]
              ],
              "entity": "killer_player"
            },
            {
              "function": "fill_player_head",
              "entity": "this"
            }
          ],
					"conditions": [
						{
							"condition": "killed_by_player"
            }
          ]
        }
      ]
    },
    {
      "rolls": 1,
      "entries": [
        {
          "type": "minecraft:item",
          "name": "minecraft:poisonous_potato",
          "weight": 1
        },
        {
          "type": "minecraft:item",
          "name": "minecraft:glass_bottle",
          "weight": 3,
          "functions": [
            {
              "function": "minecraft:set_count",
              "count": {
                "min": 3,
                "max": 5
              }
            }
          ]
        },
        {
          "type": "minecraft:item",
          "name": "minecraft:wither_rose",
          "weight": 1,
          "functions": [
            {
              "function": "minecraft:set_count",
              "count": {
                "min": 1,
                "max": 2
              }
            }
          ]
        },
        {
          "type": "minecraft:item",
          "name": "minecraft:lily_of_the_valley",
          "weight": 2,
          "functions": [
            {
              "function": "minecraft:set_count",
              "count": {
                "min": 1,
                "max": 3
              }
            }
          ]
        }
      ],
      "conditions": [
        {
          "condition": "minecraft:killed_by_player"
        },
        {
          "condition": "minecraft:entity_scores",
          "entity": "this",
          "scores": {
            "wborigins.loot.alchemist": 1
          }
        }
      ]
    },
    {
      "rolls": 1,
      "entries": [
        {
          "type": "minecraft:item",
          "name": "minecraft:azure_bluet",
          "weight": 2
        },
        {
          "type": "minecraft:group",
          "children": [
            {
              "type": "minecraft:item",
              "name": "minecraft:amethyst_shard",
              "functions": [
                {
                  "function": "minecraft:set_count",
                  "count": {
                    "min": 1,
                    "max": 3
                  }
                }
              ]
            },
            {
              "type": "minecraft:item",
              "name": "minecraft:glass_pane",
              "functions": [
                {
                  "function": "minecraft:set_count",
                  "count": {
                    "min": 3,
                    "max": 5
                  }
                }
              ]
            }
          ]
        },
        {
          "type": "minecraft:item",
          "name": "minecraft:observer",
          "weight": 1
        },
        {
          "type": "minecraft:item",
          "name": "minecraft:redstone",
          "weight": 1,
          "functions": [
            {
              "function": "minecraft:set_count",
              "count": {
                "min": 2,
                "max": 6
              }
            }
          ]
        }
      ],
      "conditions": [
        {
          "condition": "minecraft:entity_scores",
          "entity": "this",
          "scores": {
            "wborigins.loot.visionary": 1
          }
        },
        {
          "condition": "minecraft:killed_by_player"
        }
      ]
    }
  ]
}
