{
  "parent": "wborigins:power/root",
  "criteria": {
    "requirement": {
      "trigger": "minecraft:recipe_crafted",
      "conditions": {
        "player": [
          {
            "condition": "minecraft:entity_scores",
            "entity": "this",
            "scores": {
              "wborigins.power.better_crafting.packed_mud": 1
            }
          }
        ],
        "recipe_id": "minecraft:packed_mud"
      }
    }
  },
  "rewards": {
    "function": "wborigins:power/better_crafting/packed_mud"
  }
}
